DelGene	BMR
ENSG00000000419	1636.98168940366
ENSG00000001036	1625.15809056875
ENSG00000001084	1632.94175427115
ENSG00000001630	NA
ENSG00000002549	1634.92996175647
ENSG00000002587	1633.61908840577
ENSG00000002726	1635.07369406615
ENSG00000003137	1633.62144720552
ENSG00000003987	1620.89319041326
ENSG00000003989	NA
ENSG00000004455	1655.08069514232
ENSG00000004468	1635.05825385627
ENSG00000004779	1635.92472894722
ENSG00000004799	1633.32825126516
ENSG00000004809	1633.69042183108
ENSG00000004864	1637.02540394847
ENSG00000004939	1625.19784095649
ENSG00000005022	1499.72948256376
ENSG00000005075	1635.00466218161
ENSG00000005187	1604.01512209473
ENSG00000005381	1673.61849528911
ENSG00000005421	1633.26731307503
ENSG00000005469	1628.42508452465
ENSG00000005471	1646.38423434948
ENSG00000005882	1633.32825126516
ENSG00000006071	1635.19727647299
ENSG00000006530	1606.65153807168
ENSG00000006534	1636.16534685443
ENSG00000006625	1631.62433571444
ENSG00000006756	1624.59296214266
ENSG00000006757	1641.0055190779
ENSG00000007001	1637.835666746
ENSG00000007168	1634.32537865846
ENSG00000007171	NA
ENSG00000007216	1633.65619224527
ENSG00000007314	1634.03660401287
ENSG00000007350	NA
ENSG00000007541	1618.93124198343
ENSG00000008130	1633.4517991305
ENSG00000008311	1611.51787409982
ENSG00000008394	1605.61386485229
ENSG00000008513	1635.14224523014
ENSG00000009413	1636.50397607224
ENSG00000010256	1669.0678355984
ENSG00000010379	1619.75521951348
ENSG00000010404	1635.04598833022
ENSG00000010932	1633.56507900884
ENSG00000011009	1637.88091550536
ENSG00000011083	1610.12608631761
ENSG00000011198	NA
ENSG00000011405	1634.52470113635
ENSG00000012232	1633.61908850771
ENSG00000012660	NA
ENSG00000012779	NA
ENSG00000013288	1637.68924419387
ENSG00000013306	1632.91871770939
ENSG00000013375	1637.84389098468
ENSG00000013392	1638.37389235689
ENSG00000013503	1635.00466218161
ENSG00000014138	1636.50397607224
ENSG00000014257	1680.5378574175
ENSG00000014641	NA
ENSG00000015413	1637.34398002629
ENSG00000015520	1633.90130784062
ENSG00000015532	1632.4278065346
ENSG00000016391	NA
ENSG00000016864	1635.86242579764
ENSG00000017260	1632.95723523423
ENSG00000017483	1616.44500921681
ENSG00000017797	1634.1560877043
ENSG00000018280	1633.81598010576
ENSG00000018510	1633.98427930434
ENSG00000018625	1634.20862404791
ENSG00000019186	1632.21227646007
ENSG00000021461	NA
ENSG00000021488	1638.73479039204
ENSG00000021826	1633.10368305962
ENSG00000023041	1633.20859917655
ENSG00000023228	1635.92472894722
ENSG00000023330	1634.13051455916
ENSG00000023572	1623.01671963133
ENSG00000023697	NA
ENSG00000023839	1633.51117087005
ENSG00000023909	1632.94175427115
ENSG00000025423	1625.78027491757
ENSG00000025708	1635.58855552553
ENSG00000025800	1635.05891654951
ENSG00000026652	NA
ENSG00000027847	1635.44355231042
ENSG00000030066	1630.65905680743
ENSG00000031698	1588.20532529097
ENSG00000032444	1637.88091550536
ENSG00000033011	1637.7956181759
ENSG00000033100	1634.58695498847
ENSG00000033170	1637.35450934731
ENSG00000033627	1633.54769830693
ENSG00000033867	1651.24979917866
ENSG00000035687	NA
ENSG00000036473	1626.78894029099
ENSG00000036530	1627.52348551703
ENSG00000036565	1636.62845750504
ENSG00000037757	1633.99611002089
ENSG00000038002	1637.68924445726
ENSG00000038210	1634.90230735304
ENSG00000038274	1633.93521921233
ENSG00000039123	1634.4604881871
ENSG00000040933	1634.65007152168
ENSG00000044446	1625.33311652738
ENSG00000047230	1635.44719015343
ENSG00000047249	1633.54769830693
ENSG00000047315	1635.00466218161
ENSG00000047410	1635.00466196894
ENSG00000047457	1633.88659778444
ENSG00000048392	NA
ENSG00000049239	1629.37619277649
ENSG00000049860	1639.58630995439
ENSG00000050438	1634.58664626437
ENSG00000051341	1636.50397607224
ENSG00000051382	1633.99886684092
ENSG00000052802	NA
ENSG00000053371	NA
ENSG00000054148	1634.61757782051
ENSG00000054179	1617.16548303891
ENSG00000054392	1635.01041142646
ENSG00000054983	1633.26129491145
ENSG00000055609	1633.06469164172
ENSG00000056998	1635.45110665005
ENSG00000057252	1635.94755800766
ENSG00000058600	1635.00466218161
ENSG00000058668	1634.35601765503
ENSG00000058804	1635.00466196894
ENSG00000058866	1637.17774937188
ENSG00000059377	1634.55850974493
ENSG00000059573	1634.21750561359
ENSG00000059804	NA
ENSG00000060642	1637.35549729116
ENSG00000060762	1614.37024950676
ENSG00000060971	NA
ENSG00000060982	1625.83492442886
ENSG00000061918	1624.74758161201
ENSG00000062282	1617.47708831143
ENSG00000062485	NA
ENSG00000062822	1636.50397607224
ENSG00000063176	NA
ENSG00000063601	1633.69326080418
ENSG00000063854	1634.62035204559
ENSG00000064225	1619.24937162555
ENSG00000064270	1632.95723523423
ENSG00000064601	1641.81068390136
ENSG00000064651	1633.53079373455
ENSG00000064763	1633.98428143926
ENSG00000065154	1691.35670704211
ENSG00000065357	1637.17774937188
ENSG00000065427	1588.20532487445
ENSG00000065518	1635.92472894722
ENSG00000065534	1625.11925570927
ENSG00000065615	1634.47729851315
ENSG00000065621	1605.61386485229
ENSG00000065833	1638.37389235689
ENSG00000065911	1625.01900143904
ENSG00000065989	1635.55222374902
ENSG00000066230	1803.37537691321
ENSG00000066322	NA
ENSG00000066379	1635.00466218161
ENSG00000066813	1604.01512209473
ENSG00000066926	1637.33611239925
ENSG00000067057	NA
ENSG00000067064	NA
ENSG00000067113	NA
ENSG00000067177	1625.33311652738
ENSG00000067225	NA
ENSG00000067829	1633.21185382904
ENSG00000067840	1633.43632421843
ENSG00000067842	1634.35601765503
ENSG00000067992	1633.32825126516
ENSG00000068001	1634.19760728595
ENSG00000068120	1633.99590071211
ENSG00000068366	NA
ENSG00000068383	1633.57164862685
ENSG00000068650	1636.11826171244
ENSG00000068654	1635.00466218161
ENSG00000068745	1634.88249552437
ENSG00000068903	1633.24096901481
ENSG00000068976	1635.39603626316
ENSG00000069248	1630.65905680743
ENSG00000069431	1635.19727647299
ENSG00000069535	1634.4188791101
ENSG00000069764	1636.8326478346
ENSG00000069849	1634.20862404791
ENSG00000069943	1618.9312420421
ENSG00000070019	1628.83969465638
ENSG00000070214	NA
ENSG00000070501	1636.50397607224
ENSG00000070526	1625.51466999258
ENSG00000070610	1672.73985457543
ENSG00000070614	1637.59435907691
ENSG00000070669	1633.86925275772
ENSG00000070731	1634.98753180173
ENSG00000070915	1635.63857258145
ENSG00000070961	1634.35601765503
ENSG00000071073	1633.32622408763
ENSG00000071553	1633.54769830693
ENSG00000071967	1634.18561098886
ENSG00000072041	NA
ENSG00000072042	1622.26055618319
ENSG00000072210	NA
ENSG00000072274	1634.22932447271
ENSG00000072506	NA
ENSG00000072682	NA
ENSG00000072756	1634.01486058838
ENSG00000072778	1629.04070367072
ENSG00000073060	1637.17148484579
ENSG00000073417	1638.25686650216
ENSG00000073578	NA
ENSG00000073734	1633.31174895686
ENSG00000073737	1633.83853847315
ENSG00000073756	1632.77104299663
ENSG00000073849	1627.77630718625
ENSG00000074370	1632.95723523423
ENSG00000074410	NA
ENSG00000074416	1641.44395924691
ENSG00000074621	1634.50026155107
ENSG00000074696	NA
ENSG00000074800	NA
ENSG00000074803	1633.53079373455
ENSG00000075188	1630.65905680743
ENSG00000075239	NA
ENSG00000075303	1632.91871770939
ENSG00000075415	NA
ENSG00000075651	1664.33241605634
ENSG00000075673	1633.38950871451
ENSG00000076351	1624.02179146149
ENSG00000076555	NA
ENSG00000076685	NA
ENSG00000077009	1632.19671131553
ENSG00000077044	1637.17774937188
ENSG00000077463	1633.35803820329
ENSG00000077498	1635.15217976386
ENSG00000077514	1636.50397607224
ENSG00000078070	1633.70402297174
ENSG00000078124	NA
ENSG00000078142	1636.75661295154
ENSG00000078237	1633.6157662757
ENSG00000078269	1633.86541471248
ENSG00000078295	1624.74758161201
ENSG00000079215	NA
ENSG00000079435	1641.0055190779
ENSG00000079459	NA
ENSG00000079462	1634.32537865846
ENSG00000079739	NA
ENSG00000079805	1634.49095909392
ENSG00000080166	1637.48782580673
ENSG00000080493	1648.49737169279
ENSG00000080511	1622.26055618319
ENSG00000080819	1633.69837324369
ENSG00000081181	1619.72269925153
ENSG00000081760	1633.06999387045
ENSG00000081800	1635.47062197334
ENSG00000081923	1633.6766075342
ENSG00000082212	1631.52127987218
ENSG00000083123	1657.72042562892
ENSG00000083223	1635.00466218161
ENSG00000083720	1637.20636049811
ENSG00000083807	NA
ENSG00000084090	1632.68838362672
ENSG00000084110	1633.59622385825
ENSG00000084207	1605.61386485229
ENSG00000084453	1612.70412475543
ENSG00000084674	1620.81186821184
ENSG00000084754	NA
ENSG00000084774	1631.16346334631
ENSG00000085231	1655.08069514232
ENSG00000085415	1635.00466196894
ENSG00000085563	1633.57286769958
ENSG00000085662	NA
ENSG00000085871	1605.61386485229
ENSG00000085998	1633.67295985856
ENSG00000086062	1639.36269995512
ENSG00000086159	NA
ENSG00000086544	1636.17889103933
ENSG00000086696	1634.7716411607
ENSG00000086848	1637.79561809522
ENSG00000087008	NA
ENSG00000087053	1636.58789178093
ENSG00000087076	1633.09318279432
ENSG00000087085	1618.5997385454
ENSG00000087111	1618.93124203593
ENSG00000087157	NA
ENSG00000087253	1635.52114441176
ENSG00000087470	1634.49095909392
ENSG00000088002	1635.24465016432
ENSG00000088035	1637.79561796316
ENSG00000088386	1635.09372211532
ENSG00000088766	1634.5126676782
ENSG00000088826	1634.82225105189
ENSG00000089057	1634.1459566836
ENSG00000089250	1634.41288566526
ENSG00000089597	1637.79561759133
ENSG00000090013	1637.15718423479
ENSG00000090020	1803.37537691321
ENSG00000090054	1636.38404297396
ENSG00000090060	1635.00466218161
ENSG00000090266	1635.92472894722
ENSG00000090402	NA
ENSG00000090661	NA
ENSG00000090857	1618.4821250554
ENSG00000090861	1588.20532522226
ENSG00000090971	1633.22985502974
ENSG00000091137	1628.3726329563
ENSG00000091138	1636.72352717977
ENSG00000091140	NA
ENSG00000091483	NA
ENSG00000091664	1635.27675998082
ENSG00000091704	1635.48184410726
ENSG00000092009	1633.39208599069
ENSG00000092068	1632.97908408842
ENSG00000092621	NA
ENSG00000093000	1630.65905680743
ENSG00000093010	1634.16774508303
ENSG00000093072	1643.66968035398
ENSG00000093217	NA
ENSG00000094841	1633.77861914253
ENSG00000094914	1634.49095903595
ENSG00000095059	1620.45222147186
ENSG00000095139	1635.1462539971
ENSG00000095303	1632.77104299663
ENSG00000095319	1630.65905680743
ENSG00000095321	NA
ENSG00000095380	1632.77909208604
ENSG00000095464	1637.26562674225
ENSG00000095596	1634.49095934914
ENSG00000095917	1637.03911060816
ENSG00000096006	NA
ENSG00000096717	1633.24096901481
ENSG00000097021	NA
ENSG00000097033	1633.22985502974
ENSG00000099194	NA
ENSG00000099377	1616.91837915055
ENSG00000099381	1633.06469164172
ENSG00000099624	NA
ENSG00000099795	1635.92472894722
ENSG00000099797	NA
ENSG00000099810	1633.99610991009
ENSG00000099817	1635.00466218161
ENSG00000099821	1635.00466218161
ENSG00000099904	1633.22985502974
ENSG00000099998	1636.82968736602
ENSG00000100024	1626.4195590997
ENSG00000100031	1637.35555661042
ENSG00000100033	NA
ENSG00000100075	1755.13822387406
ENSG00000100078	1636.8326478346
ENSG00000100092	1635.04790873352
ENSG00000100116	1635.10850019208
ENSG00000100121	1637.35555661042
ENSG00000100142	1635.00466218161
ENSG00000100156	NA
ENSG00000100170	NA
ENSG00000100197	1635.12848175282
ENSG00000100243	1634.47729851315
ENSG00000100253	1625.74756388055
ENSG00000100288	NA
ENSG00000100292	1626.7216752846
ENSG00000100294	NA
ENSG00000100299	1635.00085570594
ENSG00000100344	1627.70768478013
ENSG00000100348	NA
ENSG00000100354	NA
ENSG00000100372	NA
ENSG00000100412	1632.12490147034
ENSG00000100413	1635.00466218161
ENSG00000100417	1641.20758804168
ENSG00000100422	1634.53097260097
ENSG00000100448	1633.59821314061
ENSG00000100479	1636.50397607224
ENSG00000100504	1635.39603626316
ENSG00000100522	1639.98232451689
ENSG00000100554	1633.54769830693
ENSG00000100564	1618.93124198343
ENSG00000100577	NA
ENSG00000100596	1636.38404297396
ENSG00000100600	1633.59821314061
ENSG00000100605	1634.55881156042
ENSG00000100626	1635.36890814803
ENSG00000100644	1634.25604922056
ENSG00000100652	1634.66063235361
ENSG00000100678	1633.56392935244
ENSG00000100714	1643.05211460457
ENSG00000100867	NA
ENSG00000100889	1638.53537593828
ENSG00000100938	1633.85160294431
ENSG00000100983	1633.0603521967
ENSG00000100994	1635.39603626316
ENSG00000100997	1641.44395924691
ENSG00000101146	1635.00466196894
ENSG00000101160	1633.59821314061
ENSG00000101187	1634.58808127948
ENSG00000101276	1635.46617786861
ENSG00000101290	NA
ENSG00000101306	1625.11925570927
ENSG00000101323	1637.77633688828
ENSG00000101333	1628.33810298586
ENSG00000101365	1619.59967188383
ENSG00000101438	NA
ENSG00000101444	1636.90606160696
ENSG00000101464	1618.93124203593
ENSG00000101473	1636.31931576793
ENSG00000101577	NA
ENSG00000101638	1633.58511317124
ENSG00000101670	1641.0055190779
ENSG00000101751	1636.50397607224
ENSG00000101846	1634.68952188259
ENSG00000101868	1636.50397607224
ENSG00000101890	1628.83969465638
ENSG00000101892	1634.20862404791
ENSG00000101901	1637.79561811645
ENSG00000101911	NA
ENSG00000101945	1633.06469164172
ENSG00000101974	1636.11826171244
ENSG00000101986	NA
ENSG00000102030	1633.22985502974
ENSG00000102032	1619.29212515177
ENSG00000102043	1633.69377027339
ENSG00000102078	1640.72873199573
ENSG00000102100	1635.40988573539
ENSG00000102125	1634.49095903595
ENSG00000102144	NA
ENSG00000102172	1624.42272463625
ENSG00000102230	NA
ENSG00000102312	1633.20859917655
ENSG00000102383	1633.22985502974
ENSG00000102393	1614.14161708991
ENSG00000102452	1634.03660401287
ENSG00000102575	1634.91205094523
ENSG00000102595	1634.4909591338
ENSG00000102743	1690.1262718396
ENSG00000102780	1637.17774937188
ENSG00000102794	1633.19337917457
ENSG00000102893	1625.33311652738
ENSG00000102900	1630.65905680743
ENSG00000102967	NA
ENSG00000102978	1635.00466218161
ENSG00000103024	NA
ENSG00000103044	1639.7161300363
ENSG00000103056	1633.94591512431
ENSG00000103064	NA
ENSG00000103066	1635.62132604278
ENSG00000103150	1633.07334826817
ENSG00000103202	NA
ENSG00000103222	1637.31966394968
ENSG00000103253	1634.62035204559
ENSG00000103257	NA
ENSG00000103375	NA
ENSG00000103415	1626.7216752846
ENSG00000103485	1610.5304203104
ENSG00000103489	1632.4278065346
ENSG00000103502	NA
ENSG00000103546	1633.58510554838
ENSG00000103569	1638.64454922429
ENSG00000103740	NA
ENSG00000103811	1633.59821314061
ENSG00000103876	NA
ENSG00000104044	1633.59821373793
ENSG00000104219	1633.22985502974
ENSG00000104267	NA
ENSG00000104325	NA
ENSG00000104331	1635.52204489368
ENSG00000104522	1633.86052407461
ENSG00000104524	NA
ENSG00000104549	NA
ENSG00000104635	1633.42583400292
ENSG00000104687	1633.70637039012
ENSG00000104723	1637.79561823175
ENSG00000104763	NA
ENSG00000104774	1637.68924419387
ENSG00000104808	1634.49095908427
ENSG00000104812	1635.45110666743
ENSG00000104823	NA
ENSG00000104879	1632.24093625326
ENSG00000104885	1633.06469164172
ENSG00000104888	NA
ENSG00000104951	1637.3742341164
ENSG00000105143	NA
ENSG00000105220	NA
ENSG00000105254	1634.13181524679
ENSG00000105258	1635.00466218161
ENSG00000105281	1637.50936545482
ENSG00000105379	NA
ENSG00000105398	1635.43288492998
ENSG00000105409	1634.20862404791
ENSG00000105499	1636.8326478346
ENSG00000105509	1639.7161300363
ENSG00000105516	NA
ENSG00000105520	NA
ENSG00000105552	1638.51307292909
ENSG00000105607	1633.47467328102
ENSG00000105641	1634.70666480257
ENSG00000105647	1633.68048739821
ENSG00000105650	1637.6811913388
ENSG00000105655	NA
ENSG00000105669	1635.1462539971
ENSG00000105675	1634.58042353786
ENSG00000105679	NA
ENSG00000105835	1633.36214818305
ENSG00000105851	1633.99886684092
ENSG00000105852	1633.26731307503
ENSG00000105854	1633.26731307503
ENSG00000105929	1633.54769830693
ENSG00000105953	NA
ENSG00000106049	1631.5937159605
ENSG00000106105	1588.20532534446
ENSG00000106258	1631.89001437004
ENSG00000106302	1634.19760728595
ENSG00000106304	1634.19760753458
ENSG00000106348	1634.78987786463
ENSG00000106384	1617.47708831143
ENSG00000106392	1634.22700756927
ENSG00000106462	1634.8343326785
ENSG00000106605	1626.72167494961
ENSG00000106628	1636.50397607224
ENSG00000106633	1601.9589632545
ENSG00000106636	1635.01041142646
ENSG00000106688	NA
ENSG00000106733	1632.19671131553
ENSG00000106853	1634.1809559683
ENSG00000106976	1634.49095909392
ENSG00000106992	1655.08069514232
ENSG00000107159	NA
ENSG00000107242	1619.57960025815
ENSG00000107317	1634.63554115537
ENSG00000107537	1634.82969765509
ENSG00000107611	1633.54863906297
ENSG00000107789	1633.5073875349
ENSG00000107798	1643.66196555671
ENSG00000107819	1630.77405823846
ENSG00000107902	NA
ENSG00000107951	1635.00466218161
ENSG00000108242	1634.77997027143
ENSG00000108381	1621.80930739659
ENSG00000108439	1634.76076857653
ENSG00000108474	1618.93124200352
ENSG00000108479	1773.90705947622
ENSG00000108515	NA
ENSG00000108528	1624.24897134031
ENSG00000108559	1630.65905680743
ENSG00000108576	1634.6607184611
ENSG00000108602	1636.58689444329
ENSG00000108784	1633.4412276282
ENSG00000108786	1634.9073365057
ENSG00000108799	1634.8343326785
ENSG00000108839	NA
ENSG00000108846	1622.25710059358
ENSG00000108932	1664.81022893319
ENSG00000109065	1633.21154387711
ENSG00000109107	NA
ENSG00000109181	1633.7989338613
ENSG00000109193	1618.89131119344
ENSG00000109323	1637.68924443159
ENSG00000109390	1635.92472894722
ENSG00000109424	1636.27262195195
ENSG00000109452	1634.65007152168
ENSG00000109576	1636.30598485696
ENSG00000109586	1635.0542085591
ENSG00000109610	1605.26874922953
ENSG00000109667	NA
ENSG00000109685	1633.06469164172
ENSG00000109743	1636.40115224163
ENSG00000109814	NA
ENSG00000109854	NA
ENSG00000109861	1633.59821314061
ENSG00000109929	NA
ENSG00000109956	1632.42780638521
ENSG00000110066	1633.06469164172
ENSG00000110080	1633.70237732893
ENSG00000110090	NA
ENSG00000110195	1633.15090139434
ENSG00000110203	1633.15090139434
ENSG00000110245	1637.0023997793
ENSG00000110328	1635.36890814803
ENSG00000110435	NA
ENSG00000110436	NA
ENSG00000110446	1634.21596892009
ENSG00000110536	NA
ENSG00000110583	1633.21154387711
ENSG00000110619	1625.8245824557
ENSG00000110713	1630.65905680743
ENSG00000110717	1635.92472894722
ENSG00000110719	1633.54769830693
ENSG00000110721	NA
ENSG00000110871	1633.4123962943
ENSG00000110887	NA
ENSG00000110911	1624.30575381761
ENSG00000110921	NA
ENSG00000110955	NA
ENSG00000110958	1636.32014051525
ENSG00000111058	1673.82392949187
ENSG00000111077	1633.69377027339
ENSG00000111144	NA
ENSG00000111181	NA
ENSG00000111237	1633.02295602864
ENSG00000111261	1634.24568271378
ENSG00000111271	1634.49095903595
ENSG00000111275	NA
ENSG00000111319	1634.03660401287
ENSG00000111339	1634.02441825799
ENSG00000111371	NA
ENSG00000111445	1636.50397607224
ENSG00000111581	1630.65905680743
ENSG00000111640	NA
ENSG00000111666	NA
ENSG00000111669	NA
ENSG00000111674	NA
ENSG00000111684	1637.64808060731
ENSG00000111696	1633.69377027339
ENSG00000111700	1623.47208648215
ENSG00000111713	1635.45110666743
ENSG00000111716	NA
ENSG00000111726	1639.32754987163
ENSG00000111728	1623.44547516193
ENSG00000111732	1634.40867829336
ENSG00000111775	1710.79961781237
ENSG00000111817	1635.25362186567
ENSG00000111846	1635.10349532098
ENSG00000111885	1637.79561806595
ENSG00000111962	1637.95538821247
ENSG00000112053	1622.71614634892
ENSG00000112077	1637.21655820484
ENSG00000112096	1635.3699481258
ENSG00000112294	1624.86179667418
ENSG00000112299	1635.98378320818
ENSG00000112303	1635.98378320818
ENSG00000112304	NA
ENSG00000112309	1632.42780638521
ENSG00000112337	NA
ENSG00000112367	1633.69377027339
ENSG00000112394	1632.1694274252
ENSG00000112499	NA
ENSG00000112541	1622.87599021548
ENSG00000112695	1710.79961781237
ENSG00000112699	1633.86052436079
ENSG00000112759	NA
ENSG00000112874	1632.93533087894
ENSG00000112893	1637.79561800248
ENSG00000112941	1636.50397607224
ENSG00000112972	1626.61934051042
ENSG00000112992	1638.17290318322
ENSG00000113073	1674.82670411718
ENSG00000113161	NA
ENSG00000113163	1634.15566094036
ENSG00000113231	1634.48960694497
ENSG00000113273	1633.25016002103
ENSG00000113356	1635.00466218161
ENSG00000113396	NA
ENSG00000113407	1588.20532527201
ENSG00000113448	1622.87599021548
ENSG00000113456	1633.55519951512
ENSG00000113492	1635.30824912877
ENSG00000113504	1636.26758187995
ENSG00000113532	1634.49095892034
ENSG00000113552	1639.48995504604
ENSG00000113569	1630.65905680743
ENSG00000113643	1620.59330852101
ENSG00000113732	1633.54769830693
ENSG00000113790	NA
ENSG00000113924	NA
ENSG00000114021	1625.2060589067
ENSG00000114054	1680.40791106308
ENSG00000114113	1634.23157418547
ENSG00000114115	1634.23157418547
ENSG00000114120	NA
ENSG00000114200	1618.5997385454
ENSG00000114268	1633.61576620233
ENSG00000114378	1634.19760728595
ENSG00000114480	1635.45110666283
ENSG00000114491	1633.49709795207
ENSG00000114573	1633.54769830693
ENSG00000114770	NA
ENSG00000114771	1641.0055190779
ENSG00000114805	1628.31467609515
ENSG00000114902	1633.06469156604
ENSG00000114923	1636.36538497501
ENSG00000114956	1633.46438930857
ENSG00000115020	1633.03411561541
ENSG00000115159	NA
ENSG00000115252	1622.87599021548
ENSG00000115275	1637.79561809022
ENSG00000115286	1635.92472894722
ENSG00000115339	1632.29141213042
ENSG00000115350	1636.50397607224
ENSG00000115361	NA
ENSG00000115419	1633.35658130364
ENSG00000115421	1635.00466218161
ENSG00000115425	1628.01670104251
ENSG00000115488	1639.32506987022
ENSG00000115525	1633.11816151129
ENSG00000115526	1633.63418763034
ENSG00000115556	1628.33810298586
ENSG00000115616	1803.37537691321
ENSG00000115652	1632.42780647832
ENSG00000115657	1634.40281623574
ENSG00000115665	1634.6577736362
ENSG00000115677	1625.93183747225
ENSG00000115705	1674.08854944074
ENSG00000115758	1617.2488589434
ENSG00000115840	1637.02540394847
ENSG00000115850	1612.67782945776
ENSG00000115866	1588.20532521633
ENSG00000115884	1634.79301351645
ENSG00000115902	1638.81211227215
ENSG00000115919	1635.08634350421
ENSG00000116039	1633.54769830693
ENSG00000116096	1634.29961935054
ENSG00000116120	1588.20532518116
ENSG00000116133	NA
ENSG00000116157	1636.71071721462
ENSG00000116171	1626.63532060386
ENSG00000116337	1636.72313363287
ENSG00000116353	NA
ENSG00000116459	NA
ENSG00000116539	1633.06469164172
ENSG00000116649	1635.72205151271
ENSG00000116704	1624.86519186222
ENSG00000116711	1637.62481517409
ENSG00000116748	1636.72313363287
ENSG00000116761	1636.1178306884
ENSG00000116771	1619.26326821323
ENSG00000116783	1634.4909589963
ENSG00000116791	1633.43246802506
ENSG00000116906	1635.10709267009
ENSG00000116981	NA
ENSG00000116984	1633.71552691872
ENSG00000117009	1637.62511507637
ENSG00000117054	NA
ENSG00000117069	1634.45908365448
ENSG00000117115	1633.66733685
ENSG00000117118	NA
ENSG00000117143	1637.84389080986
ENSG00000117215	1636.8326478346
ENSG00000117305	1640.53871429302
ENSG00000117308	1797.58256279646
ENSG00000117394	NA
ENSG00000117410	1633.54769830693
ENSG00000117411	1639.36269995512
ENSG00000117448	NA
ENSG00000117450	1637.05107123963
ENSG00000117461	1633.68048739821
ENSG00000117479	1636.76264573255
ENSG00000117480	1633.56829029373
ENSG00000117528	1633.80699941852
ENSG00000117592	1650.29012333024
ENSG00000117594	1631.5496678398
ENSG00000117600	NA
ENSG00000117620	1634.49095903595
ENSG00000117643	1637.79561806595
ENSG00000117682	1635.542314159
ENSG00000117834	1619.78022910243
ENSG00000117984	1633.59821314061
ENSG00000118017	1633.65736272145
ENSG00000118058	1633.06469164172
ENSG00000118094	1633.58215742319
ENSG00000118160	1633.56392935244
ENSG00000118276	1635.86242579764
ENSG00000118298	NA
ENSG00000118363	1633.06469156604
ENSG00000118402	NA
ENSG00000118520	1632.62176863632
ENSG00000118596	NA
ENSG00000118705	1637.79561823175
ENSG00000118777	1636.40107174533
ENSG00000119013	1635.92472894722
ENSG00000119125	1633.39238349928
ENSG00000119227	1634.02980940269
ENSG00000119392	1635.00466196894
ENSG00000119421	1635.92472894722
ENSG00000119514	1632.29141213042
ENSG00000119523	1637.79561853959
ENSG00000119537	1636.38404287945
ENSG00000119640	1633.92057976973
ENSG00000119673	NA
ENSG00000119689	NA
ENSG00000119711	NA
ENSG00000119723	1637.36814630099
ENSG00000119899	1640.6073296968
ENSG00000119915	NA
ENSG00000119927	NA
ENSG00000119938	1634.49095900476
ENSG00000120053	NA
ENSG00000120137	1634.33378545231
ENSG00000120253	1630.65905680743
ENSG00000120254	1632.407808218
ENSG00000120329	1699.98095900709
ENSG00000120437	1624.82908768584
ENSG00000120563	1634.7303257612
ENSG00000120697	NA
ENSG00000120820	1635.86242579764
ENSG00000120915	NA
ENSG00000120992	1637.88091550536
ENSG00000121039	1633.58207366364
ENSG00000121053	1675.01473133889
ENSG00000121207	1636.92454429275
ENSG00000121270	1633.82176313218
ENSG00000121281	1624.74758161201
ENSG00000121310	1634.48978257977
ENSG00000121361	1635.19727647299
ENSG00000121578	1633.15629102733
ENSG00000121579	1635.01041142646
ENSG00000121691	NA
ENSG00000121769	NA
ENSG00000121851	1635.00466218161
ENSG00000121879	1633.99886684092
ENSG00000122008	1636.50397607224
ENSG00000122126	1633.86541471248
ENSG00000122194	1633.56069573628
ENSG00000122254	1633.61908842729
ENSG00000122390	1633.22985502974
ENSG00000122643	1620.45424348884
ENSG00000122678	1636.50397607224
ENSG00000122729	1635.19456506355
ENSG00000122787	1633.50476109835
ENSG00000122824	1634.06708243592
ENSG00000122863	1634.53548677615
ENSG00000122884	NA
ENSG00000122912	NA
ENSG00000122971	NA
ENSG00000123130	1609.73177621948
ENSG00000123360	1622.87599021548
ENSG00000123453	1629.02747296742
ENSG00000123454	1633.33501772147
ENSG00000123505	1635.72205035461
ENSG00000123643	1681.25781584429
ENSG00000123684	1633.81148008978
ENSG00000123739	1636.8326478346
ENSG00000123836	1633.61576620233
ENSG00000123983	NA
ENSG00000123989	1634.58695503965
ENSG00000124003	1617.47708831143
ENSG00000124067	1636.26758187995
ENSG00000124091	1635.86242579764
ENSG00000124140	1623.72262362669
ENSG00000124155	1618.93124164453
ENSG00000124164	1633.38715017375
ENSG00000124172	NA
ENSG00000124181	1628.33810298586
ENSG00000124212	1632.71051241539
ENSG00000124253	1633.57443368715
ENSG00000124299	1655.76765180995
ENSG00000124302	1637.77849155418
ENSG00000124357	1615.61799624221
ENSG00000124370	1677.91916228533
ENSG00000124406	NA
ENSG00000124523	1633.24096901481
ENSG00000124564	NA
ENSG00000124568	NA
ENSG00000124596	1633.24096901481
ENSG00000124713	1636.01539181271
ENSG00000124767	1634.11927786926
ENSG00000124789	1630.65905680743
ENSG00000125166	NA
ENSG00000125246	NA
ENSG00000125255	1634.18927314841
ENSG00000125257	1634.42051700671
ENSG00000125356	1635.92472894722
ENSG00000125430	1633.61908853967
ENSG00000125450	1630.65905680743
ENSG00000125454	1644.58225499576
ENSG00000125458	1634.02706708134
ENSG00000125505	1633.21154387711
ENSG00000125630	1635.00466218161
ENSG00000125772	1638.00746879931
ENSG00000125779	1637.91317717889
ENSG00000125877	1635.72816338096
ENSG00000126088	1625.77483817677
ENSG00000126091	1634.71938195804
ENSG00000126267	1710.79961781237
ENSG00000126432	1637.05107123963
ENSG00000126522	1620.16255435745
ENSG00000126821	1634.11228037927
ENSG00000126883	1630.65905680743
ENSG00000127080	1633.841190714
ENSG00000127125	1615.84941466902
ENSG00000127184	1710.79961781237
ENSG00000127415	1635.04598839833
ENSG00000127472	1636.8326478346
ENSG00000127540	1669.0678355984
ENSG00000127884	NA
ENSG00000128039	1633.36793708609
ENSG00000128050	1634.78172121724
ENSG00000128059	1635.47418104532
ENSG00000128242	1633.90348669567
ENSG00000128268	1634.68904836521
ENSG00000128274	1620.95356676026
ENSG00000128309	1634.01594863175
ENSG00000128311	1634.01594863175
ENSG00000128524	1633.54769830693
ENSG00000128609	1635.92472894722
ENSG00000128655	1622.87599021548
ENSG00000128683	1636.50052101607
ENSG00000128918	1638.33536261696
ENSG00000128928	1634.6046816205
ENSG00000128951	1623.55587019128
ENSG00000129128	1633.06469156604
ENSG00000129151	1619.40798020048
ENSG00000129167	1635.0500340931
ENSG00000129187	1633.58768703237
ENSG00000129219	1664.71869202955
ENSG00000129244	1634.20862404791
ENSG00000129353	NA
ENSG00000129467	1625.20894196906
ENSG00000129562	1637.79561823175
ENSG00000129596	1621.24469819556
ENSG00000129673	1637.90936032308
ENSG00000129744	1634.02441825799
ENSG00000129951	NA
ENSG00000130005	1634.67664301313
ENSG00000130035	1632.29141213042
ENSG00000130052	1632.68838362672
ENSG00000130066	1633.23273725127
ENSG00000130164	1634.49095909489
ENSG00000130203	1633.71742082119
ENSG00000130208	1634.05740013476
ENSG00000130227	1635.05891654951
ENSG00000130234	1634.76850209411
ENSG00000130304	NA
ENSG00000130313	1635.78282162657
ENSG00000130377	NA
ENSG00000130383	1633.83078679759
ENSG00000130414	1635.92472894722
ENSG00000130508	1636.14253773489
ENSG00000130540	1633.63418763034
ENSG00000130649	NA
ENSG00000130653	1637.88091550536
ENSG00000130707	1633.67783507555
ENSG00000130717	1637.78004979506
ENSG00000130821	1635.15446344035
ENSG00000130822	1633.06192916793
ENSG00000130876	1620.93222974245
ENSG00000130948	1634.191567934
ENSG00000130957	1634.42597728253
ENSG00000130958	1639.21562712179
ENSG00000130988	NA
ENSG00000130997	1636.50397607224
ENSG00000131055	1710.79961781237
ENSG00000131067	1637.35555661042
ENSG00000131069	1655.94748709406
ENSG00000131100	1633.54769830693
ENSG00000131143	1710.79961781237
ENSG00000131174	1710.79961781237
ENSG00000131183	NA
ENSG00000131203	1635.03384926537
ENSG00000131238	1633.08073668799
ENSG00000131373	1634.35895578726
ENSG00000131386	1632.29141213042
ENSG00000131389	1634.48663861827
ENSG00000131446	1637.79561821073
ENSG00000131459	1624.95590545901
ENSG00000131471	1639.77621845588
ENSG00000131473	1620.41591827298
ENSG00000131480	1634.58123116851
ENSG00000131482	1635.73642242717
ENSG00000131495	1635.92472894722
ENSG00000131686	NA
ENSG00000131730	1632.24093625326
ENSG00000131748	1634.04397871385
ENSG00000131828	NA
ENSG00000131844	1633.70402297174
ENSG00000131873	1634.58695503965
ENSG00000131979	1634.37181977991
ENSG00000132164	1619.75521951348
ENSG00000132182	1630.65905680743
ENSG00000132196	NA
ENSG00000132330	1633.48799597494
ENSG00000132376	1633.57164862685
ENSG00000132423	1634.77526250521
ENSG00000132437	1637.89670910281
ENSG00000132517	1635.75041270691
ENSG00000132518	1628.83969465638
ENSG00000132570	1634.78584529406
ENSG00000132664	1635.00466218161
ENSG00000132677	1633.39184395471
ENSG00000132681	1634.20862404791
ENSG00000132744	1637.24439224816
ENSG00000132746	1636.16534697082
ENSG00000132793	NA
ENSG00000132837	1627.14569544963
ENSG00000132840	1629.34553903249
ENSG00000132874	1636.9395808884
ENSG00000132915	1625.14318939772
ENSG00000132958	1634.75831801237
ENSG00000133027	1617.69473546548
ENSG00000133056	1634.52470113635
ENSG00000133063	1623.98844528336
ENSG00000133116	1640.24675992272
ENSG00000133121	1632.68838362672
ENSG00000133247	1633.06469164172
ENSG00000133256	1625.14318939772
ENSG00000133275	1633.38715017375
ENSG00000133313	1633.54934294272
ENSG00000133315	1633.24096901481
ENSG00000133328	1633.22985502974
ENSG00000133433	1637.58301616499
ENSG00000133460	NA
ENSG00000133706	1588.20532526445
ENSG00000133731	NA
ENSG00000133742	NA
ENSG00000133805	1636.72313363287
ENSG00000133835	NA
ENSG00000134013	1634.49095898319
ENSG00000134184	1633.8349670545
ENSG00000134201	1605.61386485229
ENSG00000134202	1605.61386485229
ENSG00000134216	1623.98844501303
ENSG00000134240	1633.46245714754
ENSG00000134255	NA
ENSG00000134294	NA
ENSG00000134324	NA
ENSG00000134326	1637.0646152121
ENSG00000134333	NA
ENSG00000134440	1600.71692442048
ENSG00000134538	1635.9949448563
ENSG00000134575	1633.46818753218
ENSG00000134684	1590.08130106279
ENSG00000134716	NA
ENSG00000134744	1635.00466218161
ENSG00000134780	1641.0055190779
ENSG00000134812	1634.80499526691
ENSG00000134824	NA
ENSG00000134864	1631.62433571444
ENSG00000134882	NA
ENSG00000134910	1637.42918294824
ENSG00000135002	1636.40838686404
ENSG00000135047	1633.59821314061
ENSG00000135069	NA
ENSG00000135094	1664.14843963192
ENSG00000135218	NA
ENSG00000135220	1633.46748218679
ENSG00000135226	1635.14130189177
ENSG00000135241	1637.88091550536
ENSG00000135318	NA
ENSG00000135372	1635.01041142646
ENSG00000135390	NA
ENSG00000135423	1633.93360133379
ENSG00000135437	1635.16506579961
ENSG00000135454	1633.16452309504
ENSG00000135587	1636.87543039665
ENSG00000135677	1634.87082647041
ENSG00000135697	1634.39091403061
ENSG00000135702	1634.77803626124
ENSG00000135740	1783.01684301261
ENSG00000135778	1633.79611886864
ENSG00000135821	NA
ENSG00000135838	1635.17097112124
ENSG00000135845	1618.93124198343
ENSG00000135917	1634.57189705871
ENSG00000135929	NA
ENSG00000135940	1710.79961781237
ENSG00000136010	1634.36985343879
ENSG00000136143	1606.78118041253
ENSG00000136169	1633.06469164172
ENSG00000136213	1633.79062535519
ENSG00000136243	1630.65905680743
ENSG00000136247	1633.21154387711
ENSG00000136267	1637.17774937188
ENSG00000136371	1635.13352341877
ENSG00000136521	1635.92472894722
ENSG00000136531	1634.03660401287
ENSG00000136542	1632.29141213042
ENSG00000136546	1634.03660401287
ENSG00000136628	1588.2053253342
ENSG00000136699	1636.87543039665
ENSG00000136720	1634.56748176148
ENSG00000136731	1634.4909591338
ENSG00000136750	1637.12905146614
ENSG00000136810	NA
ENSG00000136840	1634.45908365448
ENSG00000136856	NA
ENSG00000136872	NA
ENSG00000136877	1666.69926898962
ENSG00000136881	NA
ENSG00000136888	1633.54769830693
ENSG00000136908	1636.98168940366
ENSG00000136943	1633.59821314061
ENSG00000137054	1635.00466218161
ENSG00000137106	NA
ENSG00000137124	NA
ENSG00000137198	1633.85160294431
ENSG00000137204	NA
ENSG00000137392	1634.49095930737
ENSG00000137491	1634.85937267374
ENSG00000137563	1653.69245354885
ENSG00000137731	1634.20862404791
ENSG00000137767	NA
ENSG00000137770	1633.69377027339
ENSG00000137825	1636.17889103933
ENSG00000137841	1628.33810298586
ENSG00000137857	1633.79468522347
ENSG00000137860	1636.17724388971
ENSG00000137868	1633.84982998645
ENSG00000137869	1634.77182203423
ENSG00000137944	1618.41130866642
ENSG00000137968	NA
ENSG00000137992	1657.55193511864
ENSG00000138018	1662.99782071907
ENSG00000138029	NA
ENSG00000138030	1634.79264667248
ENSG00000138031	1624.74758161201
ENSG00000138061	NA
ENSG00000138074	1635.12272309007
ENSG00000138075	1632.50559843221
ENSG00000138079	1639.19868682881
ENSG00000138109	NA
ENSG00000138115	NA
ENSG00000138135	1634.72915510226
ENSG00000138185	1638.36012368724
ENSG00000138193	1628.33810298586
ENSG00000138207	1625.29288135702
ENSG00000138356	1633.37701872382
ENSG00000138363	1635.07511595347
ENSG00000138400	NA
ENSG00000138413	1740.52555101571
ENSG00000138449	1634.05335687979
ENSG00000138604	1633.61908851434
ENSG00000138621	1634.45799248759
ENSG00000138622	1634.03660401287
ENSG00000138653	1634.56748192982
ENSG00000138678	NA
ENSG00000138735	1625.14318939772
ENSG00000138744	1633.24096901481
ENSG00000138750	1630.65905680743
ENSG00000138777	NA
ENSG00000138796	NA
ENSG00000138801	1635.21856583269
ENSG00000138821	1633.42583400292
ENSG00000139044	1634.81729979445
ENSG00000139053	1622.87599021548
ENSG00000139133	1628.88544025006
ENSG00000139144	1634.52470113635
ENSG00000139151	1628.33810298586
ENSG00000139155	1633.70443067998
ENSG00000139163	1635.27664251902
ENSG00000139180	1635.92472894722
ENSG00000139209	NA
ENSG00000139287	1635.0500340931
ENSG00000139304	1633.69377027339
ENSG00000139344	1634.47987238151
ENSG00000139370	1634.21596892009
ENSG00000139410	1664.14843963192
ENSG00000139428	1619.85386395468
ENSG00000139433	1637.39328849059
ENSG00000139496	1630.65905680743
ENSG00000139505	1637.34901507741
ENSG00000139514	NA
ENSG00000139531	1636.53418035257
ENSG00000139540	1633.42583400292
ENSG00000139547	1635.38717866098
ENSG00000139624	NA
ENSG00000139629	1632.29141213042
ENSG00000139631	1633.43267261034
ENSG00000139684	1634.57492489606
ENSG00000139718	1633.06469164172
ENSG00000139988	NA
ENSG00000140057	1655.08069514232
ENSG00000140090	1634.66325736356
ENSG00000140105	1568.7418408954
ENSG00000140199	1636.26758187995
ENSG00000140263	NA
ENSG00000140279	1633.79468522347
ENSG00000140284	NA
ENSG00000140287	1635.92843783028
ENSG00000140297	1633.3867580324
ENSG00000140374	NA
ENSG00000140400	1637.68924419387
ENSG00000140459	1633.42461111479
ENSG00000140465	NA
ENSG00000140505	NA
ENSG00000140519	1633.31495451972
ENSG00000140521	1636.50397607224
ENSG00000140522	1635.38717866098
ENSG00000140598	1634.49095909392
ENSG00000140612	1633.06469156604
ENSG00000140650	1641.20758804168
ENSG00000140675	1607.2127734111
ENSG00000140740	1669.0678355984
ENSG00000140795	1625.11925570927
ENSG00000140835	1634.08572771282
ENSG00000140905	1633.9633177934
ENSG00000140990	1635.92472894722
ENSG00000141012	1639.23637447026
ENSG00000141179	1633.66778131518
ENSG00000141279	1636.20750338708
ENSG00000141338	1634.43239146973
ENSG00000141349	1635.73642242717
ENSG00000141401	NA
ENSG00000141424	1633.42583400292
ENSG00000141429	1632.29141213042
ENSG00000141446	1633.22985502974
ENSG00000141458	1625.93183747225
ENSG00000141469	1636.9395808884
ENSG00000141485	1603.51369988704
ENSG00000141504	1633.23273725127
ENSG00000141506	1634.78995885968
ENSG00000141526	NA
ENSG00000141698	1683.29904457409
ENSG00000141744	1633.7606067697
ENSG00000141873	1633.42583400292
ENSG00000141934	NA
ENSG00000141959	NA
ENSG00000142046	1634.49095903595
ENSG00000142082	1633.24096901481
ENSG00000142102	1633.84841465604
ENSG00000142168	1637.85833369778
ENSG00000142319	1633.95542029739
ENSG00000142494	1618.93064438023
ENSG00000142513	1637.78826748847
ENSG00000142583	NA
ENSG00000142619	1633.66733685
ENSG00000142623	1633.66733685
ENSG00000142657	1632.10333021504
ENSG00000142892	1618.93124203593
ENSG00000142973	NA
ENSG00000143036	NA
ENSG00000143149	NA
ENSG00000143153	1634.20862404791
ENSG00000143156	NA
ENSG00000143158	1614.37024950676
ENSG00000143179	1630.07353888122
ENSG00000143198	1605.61386485229
ENSG00000143199	1624.74758161201
ENSG00000143224	1637.59851409224
ENSG00000143252	NA
ENSG00000143315	1637.35549732514
ENSG00000143324	1636.29622772598
ENSG00000143363	NA
ENSG00000143379	1633.06469164172
ENSG00000143387	1633.59821314061
ENSG00000143393	1632.02737606196
ENSG00000143398	1632.38436226933
ENSG00000143418	NA
ENSG00000143515	1633.6766075342
ENSG00000143552	1633.75666747776
ENSG00000143554	NA
ENSG00000143570	1633.42583400292
ENSG00000143595	NA
ENSG00000143627	NA
ENSG00000143641	1632.29141213042
ENSG00000143653	1633.6107735591
ENSG00000143753	NA
ENSG00000143772	1636.17889103933
ENSG00000143774	NA
ENSG00000143797	NA
ENSG00000143811	NA
ENSG00000143815	NA
ENSG00000143819	NA
ENSG00000143845	1635.27664251902
ENSG00000143882	1633.54769830693
ENSG00000143921	1632.50559843221
ENSG00000143933	1625.33311652738
ENSG00000144035	1633.20859917655
ENSG00000144048	1633.23986199862
ENSG00000144057	1627.77630718625
ENSG00000144136	NA
ENSG00000144182	1635.01041142646
ENSG00000144231	1635.00466218161
ENSG00000144278	1632.29141213042
ENSG00000144285	1634.03660401287
ENSG00000144290	1634.58664626437
ENSG00000144362	1632.03000887652
ENSG00000144591	1641.30318143406
ENSG00000144659	1622.76594933274
ENSG00000144741	1634.17719985515
ENSG00000144843	1634.0244178081
ENSG00000144908	1634.36985343879
ENSG00000145020	1633.96331779342
ENSG00000145214	1637.17774937188
ENSG00000145217	1619.24746395982
ENSG00000145283	1632.34463774741
ENSG00000145284	NA
ENSG00000145293	1633.99610991753
ENSG00000145337	1618.93124198343
ENSG00000145384	NA
ENSG00000145391	1633.06469164172
ENSG00000145439	NA
ENSG00000145476	1623.25120199523
ENSG00000145494	1635.92472894722
ENSG00000145545	1633.36793708609
ENSG00000145626	1633.7989338613
ENSG00000145675	1633.68048739821
ENSG00000145692	1629.34553903249
ENSG00000145725	1636.17250292299
ENSG00000145949	1625.11925570927
ENSG00000146039	NA
ENSG00000146066	NA
ENSG00000146070	1633.28324859388
ENSG00000146085	1660.45690907322
ENSG00000146151	1634.82602490127
ENSG00000146233	1634.63063152036
ENSG00000146411	NA
ENSG00000146477	1634.12595445318
ENSG00000146587	1684.24563389634
ENSG00000146648	1634.49095903595
ENSG00000146701	NA
ENSG00000146733	NA
ENSG00000147003	1616.40777239976
ENSG00000147100	1632.94071476991
ENSG00000147119	1622.446662222
ENSG00000147123	1635.92472894722
ENSG00000147155	NA
ENSG00000147162	1634.4909591338
ENSG00000147224	NA
ENSG00000147383	NA
ENSG00000147408	1634.58695504279
ENSG00000147416	1633.54769830693
ENSG00000147454	1637.33611206916
ENSG00000147465	1632.68838362672
ENSG00000147535	NA
ENSG00000147548	1633.06469164172
ENSG00000147576	1621.9244242858
ENSG00000147606	1634.67785338772
ENSG00000147614	1633.54769830693
ENSG00000147647	1626.22540704676
ENSG00000147669	1635.00466218161
ENSG00000147684	1635.92472894722
ENSG00000147804	1633.42583400292
ENSG00000147813	1616.91500735974
ENSG00000147853	NA
ENSG00000148057	1647.68059610208
ENSG00000148090	1625.27005320266
ENSG00000148154	1637.3926119409
ENSG00000148218	1633.74430687818
ENSG00000148229	1636.50397607224
ENSG00000148288	1635.14622770446
ENSG00000148334	1636.32014051525
ENSG00000148344	1634.71216681602
ENSG00000148377	NA
ENSG00000148384	1633.86541471248
ENSG00000148459	1634.495108339
ENSG00000148606	1635.00466218161
ENSG00000148672	NA
ENSG00000148795	1634.1242111293
ENSG00000148832	NA
ENSG00000148834	1605.61386485229
ENSG00000148942	1613.89354296143
ENSG00000149016	1635.00466218161
ENSG00000149084	NA
ENSG00000149089	1633.99611033343
ENSG00000149091	1632.99997062161
ENSG00000149124	1634.52961274504
ENSG00000149150	1635.74631163961
ENSG00000149313	1632.30877940426
ENSG00000149380	NA
ENSG00000149435	1633.41521193163
ENSG00000149452	NA
ENSG00000149476	1635.44281127696
ENSG00000149485	NA
ENSG00000149527	1628.31467609515
ENSG00000149541	1632.42780638521
ENSG00000149742	1639.5986477512
ENSG00000149782	1628.33810298586
ENSG00000149809	NA
ENSG00000149925	NA
ENSG00000150540	1634.33894399264
ENSG00000150656	1634.71004630979
ENSG00000150712	1633.72114077615
ENSG00000150768	NA
ENSG00000150787	1634.79502362547
ENSG00000150867	1619.55412991046
ENSG00000151005	NA
ENSG00000151012	1635.16913628148
ENSG00000151093	1627.78819049569
ENSG00000151151	1633.73221138458
ENSG00000151224	1633.93521921233
ENSG00000151229	1624.21773219338
ENSG00000151348	1633.61908851433
ENSG00000151366	1635.92472894722
ENSG00000151376	1631.52127987218
ENSG00000151418	1633.54769830693
ENSG00000151498	NA
ENSG00000151552	1618.16358804471
ENSG00000151611	1619.85386395468
ENSG00000151632	1631.07791377077
ENSG00000151665	1633.74259272445
ENSG00000151689	1635.26448963933
ENSG00000151726	NA
ENSG00000151729	1499.72948256376
ENSG00000151790	1635.77233665846
ENSG00000152127	1633.32622421478
ENSG00000152234	NA
ENSG00000152254	1635.73642242717
ENSG00000152256	1633.32825126516
ENSG00000152270	1622.87599021548
ENSG00000152402	1628.83969465638
ENSG00000152455	1633.06469164172
ENSG00000152463	NA
ENSG00000152556	NA
ENSG00000152642	1637.71797153934
ENSG00000152779	1625.08735671736
ENSG00000152782	1634.33378545231
ENSG00000152904	NA
ENSG00000153086	1634.89141300064
ENSG00000153201	1630.65905680743
ENSG00000153207	1635.00466196894
ENSG00000153253	1634.03660401287
ENSG00000153291	1640.72873199573
ENSG00000153395	1635.52114441176
ENSG00000153574	NA
ENSG00000153786	1633.22985502974
ENSG00000153933	1637.17774937188
ENSG00000153936	1637.59435907005
ENSG00000153976	1633.61908853967
ENSG00000154025	1607.2127734111
ENSG00000154027	NA
ENSG00000154080	1633.63418763034
ENSG00000154227	NA
ENSG00000154252	1633.63418763034
ENSG00000154269	1635.13429698501
ENSG00000154518	NA
ENSG00000154678	1622.87599021548
ENSG00000154723	NA
ENSG00000154930	1673.82392949187
ENSG00000155016	NA
ENSG00000155085	1650.94425863398
ENSG00000155097	1633.54769830693
ENSG00000155099	1624.34449219105
ENSG00000155189	NA
ENSG00000155252	1634.90230735304
ENSG00000155287	1637.33611206916
ENSG00000155368	1631.67729163935
ENSG00000155380	NA
ENSG00000155465	1635.88236580079
ENSG00000155561	1630.65905680743
ENSG00000155850	1621.93975581015
ENSG00000155886	1634.50026155107
ENSG00000155893	1634.91205099973
ENSG00000155897	1624.74758161201
ENSG00000156096	1634.8145906915
ENSG00000156110	1687.24541617016
ENSG00000156136	1671.2555505213
ENSG00000156219	1634.02441825799
ENSG00000156222	1627.93689437433
ENSG00000156411	NA
ENSG00000156413	1637.34327132369
ENSG00000156467	1669.0678355984
ENSG00000156471	1633.98622828456
ENSG00000156508	1634.49095909392
ENSG00000156510	1637.0355784893
ENSG00000156515	1638.8193959145
ENSG00000156599	1633.21154387711
ENSG00000156689	1634.54768224953
ENSG00000156795	1632.29875742587
ENSG00000156873	1625.33311652738
ENSG00000156885	1710.79961781237
ENSG00000156958	1773.90705947622
ENSG00000156966	1634.58436758583
ENSG00000157020	1635.00466196894
ENSG00000157045	1633.24096901481
ENSG00000157064	1634.48926807843
ENSG00000157087	1634.35601765503
ENSG00000157103	1619.75521951348
ENSG00000157184	NA
ENSG00000157326	1633.71919507835
ENSG00000157349	1635.00466196894
ENSG00000157350	1635.14224523014
ENSG00000157353	1625.60283419402
ENSG00000157399	1624.59296214266
ENSG00000157426	1633.24006534061
ENSG00000157593	1625.31081639037
ENSG00000157680	1632.99997062161
ENSG00000157765	NA
ENSG00000157881	1633.28231075882
ENSG00000158006	1634.32537865846
ENSG00000158008	1633.61908853965
ENSG00000158089	1632.29141213042
ENSG00000158104	NA
ENSG00000158125	NA
ENSG00000158296	1634.38391654918
ENSG00000158467	1636.90606160696
ENSG00000158470	1628.33729050547
ENSG00000158516	1635.48184410726
ENSG00000158525	1635.48184410726
ENSG00000158571	1633.61576620233
ENSG00000158578	1632.43977231689
ENSG00000158623	1635.1462539971
ENSG00000158669	NA
ENSG00000158786	1636.8326478346
ENSG00000158825	1634.40867825166
ENSG00000158850	1638.1485384569
ENSG00000158864	1635.92472894722
ENSG00000158865	1636.04411993228
ENSG00000159063	1637.79561793318
ENSG00000159082	1633.86541471248
ENSG00000159131	1635.47418240183
ENSG00000159199	NA
ENSG00000159228	NA
ENSG00000159231	NA
ENSG00000159267	1616.60368063521
ENSG00000159322	1633.33463983098
ENSG00000159337	1636.8326478346
ENSG00000159339	1633.66733685
ENSG00000159348	1634.47729851315
ENSG00000159398	1634.27659031347
ENSG00000159399	1638.8193959145
ENSG00000159423	NA
ENSG00000159433	1632.68838362672
ENSG00000159445	NA
ENSG00000159593	1633.7010360378
ENSG00000159640	1632.1238014298
ENSG00000159650	1634.4798725631
ENSG00000159692	NA
ENSG00000159714	1633.22985502974
ENSG00000159720	1633.54769830693
ENSG00000159899	1624.74758161201
ENSG00000159921	1633.82530929808
ENSG00000160014	1625.33311652738
ENSG00000160179	1618.13257624541
ENSG00000160191	1625.14318939772
ENSG00000160194	1635.92472894722
ENSG00000160200	1634.48033616545
ENSG00000160209	1633.72359398089
ENSG00000160211	1632.56696997481
ENSG00000160216	NA
ENSG00000160282	1634.65330355927
ENSG00000160285	NA
ENSG00000160326	NA
ENSG00000160408	1633.75080309271
ENSG00000160439	1634.33423323676
ENSG00000160446	1633.21154387711
ENSG00000160471	1710.79961781237
ENSG00000160688	1635.15154148356
ENSG00000160752	NA
ENSG00000160868	NA
ENSG00000160870	NA
ENSG00000160882	1634.49105273704
ENSG00000160883	1624.299396304
ENSG00000161013	1633.32622408763
ENSG00000161217	NA
ENSG00000161267	1633.76039444418
ENSG00000161281	1710.79961781237
ENSG00000161533	NA
ENSG00000161653	1622.48877593753
ENSG00000161714	1628.33810298586
ENSG00000161798	NA
ENSG00000161896	1634.88249552437
ENSG00000161905	1637.7661978721
ENSG00000161980	1635.00466218161
ENSG00000162040	1633.61908853967
ENSG00000162066	1639.82113515544
ENSG00000162104	1625.20894196906
ENSG00000162139	1637.75004298076
ENSG00000162174	NA
ENSG00000162341	1634.03660401287
ENSG00000162365	1635.07952268239
ENSG00000162368	NA
ENSG00000162383	NA
ENSG00000162390	1634.63552269015
ENSG00000162407	NA
ENSG00000162433	1655.08069514232
ENSG00000162482	1634.49095903596
ENSG00000162496	1633.83853847315
ENSG00000162551	1634.58323822331
ENSG00000162572	1634.03660401287
ENSG00000162630	1633.91313532342
ENSG00000162688	1635.45110662328
ENSG00000162694	1633.61908837396
ENSG00000162813	1632.62657309845
ENSG00000162836	1634.91205094523
ENSG00000162882	1634.66385459092
ENSG00000162885	1634.81729979445
ENSG00000163002	1630.65905680743
ENSG00000163082	1634.38276044689
ENSG00000163106	1618.74929160864
ENSG00000163114	NA
ENSG00000163131	1633.59821314061
ENSG00000163281	1639.48995504604
ENSG00000163283	1620.25176661643
ENSG00000163286	1620.25176661643
ENSG00000163295	1636.37664230999
ENSG00000163344	NA
ENSG00000163352	1635.15154148356
ENSG00000163393	1633.69042183108
ENSG00000163399	1634.20862404791
ENSG00000163406	1632.28322816602
ENSG00000163521	1625.53513801484
ENSG00000163527	1637.42821770393
ENSG00000163541	1606.78118041253
ENSG00000163581	NA
ENSG00000163586	NA
ENSG00000163590	1633.38715017375
ENSG00000163624	NA
ENSG00000163631	1621.63308569359
ENSG00000163655	1632.74534455971
ENSG00000163686	1641.44395924691
ENSG00000163719	1633.29573217544
ENSG00000163738	1632.62642787519
ENSG00000163754	1635.45110665005
ENSG00000163755	1625.55143369524
ENSG00000163803	1637.62481517409
ENSG00000163812	1633.22985502974
ENSG00000163817	1633.00909145093
ENSG00000163864	1634.48926807843
ENSG00000163882	1635.00466218161
ENSG00000163902	1637.79561823175
ENSG00000163931	NA
ENSG00000163958	1633.20859917655
ENSG00000163959	1633.7085569611
ENSG00000163964	1618.93124198264
ENSG00000164023	NA
ENSG00000164039	NA
ENSG00000164068	1634.49095891349
ENSG00000164089	1632.37456343747
ENSG00000164100	1637.59435907691
ENSG00000164116	1624.74758161201
ENSG00000164120	1634.86862944323
ENSG00000164181	NA
ENSG00000164211	1632.68838362672
ENSG00000164258	1635.92472894722
ENSG00000164294	1636.71071721462
ENSG00000164303	1623.87824997342
ENSG00000164329	1635.00466218161
ENSG00000164347	1634.49095909392
ENSG00000164363	1633.61336291665
ENSG00000164398	NA
ENSG00000164405	1669.0678355984
ENSG00000164414	1638.07160895281
ENSG00000164434	NA
ENSG00000164466	1634.07608553254
ENSG00000164494	1634.495108339
ENSG00000164535	1641.0055190779
ENSG00000164574	1632.29141213042
ENSG00000164588	1634.03660401287
ENSG00000164638	NA
ENSG00000164687	NA
ENSG00000164707	1622.05366926336
ENSG00000164708	NA
ENSG00000164733	1633.59821314061
ENSG00000164742	1625.20894196906
ENSG00000164776	1625.33311652738
ENSG00000164867	1634.41288566526
ENSG00000164879	NA
ENSG00000164889	1636.36538497501
ENSG00000164904	NA
ENSG00000164919	1710.79961781237
ENSG00000164951	1633.32825124974
ENSG00000165029	NA
ENSG00000165060	1625.55143369524
ENSG00000165078	1635.48184410726
ENSG00000165092	1638.33536261696
ENSG00000165102	1633.44122755737
ENSG00000165140	1634.42597728253
ENSG00000165195	1618.93124198343
ENSG00000165264	1635.92472894722
ENSG00000165269	NA
ENSG00000165272	NA
ENSG00000165282	1633.74259266176
ENSG00000165349	NA
ENSG00000165434	1633.12308159805
ENSG00000165449	1634.4829860588
ENSG00000165457	1634.63830274814
ENSG00000165458	1634.10108185445
ENSG00000165475	NA
ENSG00000165591	1634.147415735
ENSG00000165609	1633.67528687707
ENSG00000165629	NA
ENSG00000165646	1636.62845750504
ENSG00000165671	1633.06469164172
ENSG00000165672	1634.85886181216
ENSG00000165688	1633.68851242124
ENSG00000165695	1655.08069514232
ENSG00000165704	1618.42068211859
ENSG00000165782	1624.34449219105
ENSG00000165794	1633.42583400292
ENSG00000165841	1632.28709579803
ENSG00000165970	1633.92600145775
ENSG00000165996	NA
ENSG00000166016	NA
ENSG00000166035	1641.0055190779
ENSG00000166123	1634.5718431043
ENSG00000166126	1634.80499526691
ENSG00000166136	1635.92472894722
ENSG00000166165	1632.24093625326
ENSG00000166169	1636.50397607224
ENSG00000166183	NA
ENSG00000166224	NA
ENSG00000166228	1634.78584529406
ENSG00000166262	1634.46696929129
ENSG00000166311	1636.87543039665
ENSG00000166340	1625.27284908446
ENSG00000166391	1617.47708831143
ENSG00000166394	1634.47729851315
ENSG00000166411	1619.59967188383
ENSG00000166507	1634.56748192982
ENSG00000166548	1634.3732232057
ENSG00000166562	1633.06469156604
ENSG00000166741	1636.13343427906
ENSG00000166743	1631.44120051699
ENSG00000166747	1633.7010360378
ENSG00000166796	NA
ENSG00000166800	NA
ENSG00000166816	1634.87470459768
ENSG00000166825	1636.20750338708
ENSG00000166828	1634.03660401287
ENSG00000166840	1633.78751782646
ENSG00000166908	1619.55412991046
ENSG00000166986	1588.20532526447
ENSG00000167011	1633.22985502974
ENSG00000167080	1635.86242579764
ENSG00000167103	1632.38436226933
ENSG00000167107	1633.24006534061
ENSG00000167114	NA
ENSG00000167130	1637.79561816747
ENSG00000167165	1633.7989338613
ENSG00000167186	1634.7752626818
ENSG00000167261	1634.98855538028
ENSG00000167280	1637.68924442277
ENSG00000167283	NA
ENSG00000167306	1631.70383957769
ENSG00000167311	1634.02441825799
ENSG00000167315	NA
ENSG00000167325	NA
ENSG00000167419	1665.5688853988
ENSG00000167434	NA
ENSG00000167468	1636.71071721462
ENSG00000167508	NA
ENSG00000167531	1635.13794384727
ENSG00000167548	1633.06469164172
ENSG00000167580	NA
ENSG00000167588	1624.13611288906
ENSG00000167600	NA
ENSG00000167658	1634.49095909392
ENSG00000167699	1634.11927786926
ENSG00000167701	NA
ENSG00000167703	1622.2925578328
ENSG00000167720	1633.4493882009
ENSG00000167733	NA
ENSG00000167741	1637.35555661042
ENSG00000167769	NA
ENSG00000167780	1635.94755800766
ENSG00000167792	1635.92472894722
ENSG00000167815	1637.05107123963
ENSG00000167863	NA
ENSG00000167889	1634.95336303572
ENSG00000167900	1634.96040294219
ENSG00000167910	1634.99652540273
ENSG00000167969	NA
ENSG00000167972	1634.10759762738
ENSG00000167996	1625.55143369524
ENSG00000168002	1635.00466218161
ENSG00000168003	NA
ENSG00000168032	1638.36012368724
ENSG00000168065	NA
ENSG00000168092	1634.32537865846
ENSG00000168237	NA
ENSG00000168282	1637.79561820715
ENSG00000168291	NA
ENSG00000168306	NA
ENSG00000168350	NA
ENSG00000168356	1634.03660401287
ENSG00000168393	1636.99361549755
ENSG00000168447	1634.03660401287
ENSG00000168487	1633.86772759525
ENSG00000168495	1635.00466218161
ENSG00000168575	NA
ENSG00000168653	1635.92472894722
ENSG00000168671	1633.7989338613
ENSG00000168679	NA
ENSG00000168748	NA
ENSG00000168765	1605.61386485229
ENSG00000168781	1636.17250292299
ENSG00000168827	1634.49095909392
ENSG00000168906	1633.93521921233
ENSG00000168907	1636.8326478346
ENSG00000168918	1619.07999664022
ENSG00000169020	NA
ENSG00000169021	1669.0678355984
ENSG00000169100	1499.72948256376
ENSG00000169105	1633.79062535519
ENSG00000169154	NA
ENSG00000169169	NA
ENSG00000169180	1635.05891654951
ENSG00000169239	1644.5283361188
ENSG00000169255	1635.09155454185
ENSG00000169299	NA
ENSG00000169359	1634.73867584407
ENSG00000169418	1628.83969465638
ENSG00000169432	1634.03660401287
ENSG00000169660	1636.33355216246
ENSG00000169692	NA
ENSG00000169710	NA
ENSG00000169738	NA
ENSG00000169764	1612.89615077964
ENSG00000169814	1634.45770468044
ENSG00000169826	1634.58695504279
ENSG00000169919	1639.36379222677
ENSG00000170190	NA
ENSG00000170191	1633.24651331553
ENSG00000170222	1633.67528687707
ENSG00000170231	NA
ENSG00000170266	1645.03552295724
ENSG00000170271	NA
ENSG00000170323	NA
ENSG00000170340	1611.75708581244
ENSG00000170364	1633.06469164172
ENSG00000170385	1633.42583398587
ENSG00000170426	NA
ENSG00000170445	1612.01291765304
ENSG00000170482	1634.1459566836
ENSG00000170502	1633.86434808701
ENSG00000170516	1710.79961781237
ENSG00000170522	NA
ENSG00000170525	1633.61576620233
ENSG00000170634	1633.92057976973
ENSG00000170734	1636.50397607224
ENSG00000170786	1634.50915844913
ENSG00000170835	1647.55759870113
ENSG00000170890	1636.8326478346
ENSG00000170899	1605.61386485229
ENSG00000170906	1635.92472894722
ENSG00000170950	NA
ENSG00000170961	1639.7161300363
ENSG00000171004	1634.56748176148
ENSG00000171097	1634.98282432286
ENSG00000171100	1634.23715604486
ENSG00000171124	1633.0278144111
ENSG00000171155	1634.22700756927
ENSG00000171174	NA
ENSG00000171234	1621.53569814873
ENSG00000171298	NA
ENSG00000171302	1628.3938155592
ENSG00000171307	1635.01041142646
ENSG00000171310	1633.79062535519
ENSG00000171314	NA
ENSG00000171320	1634.28023631854
ENSG00000171408	1633.32508407809
ENSG00000171453	1635.00466218161
ENSG00000171503	NA
ENSG00000171560	1628.40014633105
ENSG00000171608	1633.99886684092
ENSG00000171612	1630.77109022709
ENSG00000171759	1619.91856407284
ENSG00000171766	1635.54269573692
ENSG00000171793	1635.44719015343
ENSG00000171848	NA
ENSG00000171862	1634.33997888927
ENSG00000171885	NA
ENSG00000171903	NA
ENSG00000171954	1634.90635632393
ENSG00000171989	NA
ENSG00000172053	1588.20532484382
ENSG00000172113	NA
ENSG00000172197	NA
ENSG00000172236	1637.03911060816
ENSG00000172264	1633.24096901481
ENSG00000172269	1637.79561812671
ENSG00000172292	NA
ENSG00000172296	1636.38404297396
ENSG00000172318	1633.91313532342
ENSG00000172331	NA
ENSG00000172339	1637.79561811645
ENSG00000172340	1606.78118041253
ENSG00000172345	1632.68838362672
ENSG00000172461	1634.98541727125
ENSG00000172482	NA
ENSG00000172497	1618.59119025357
ENSG00000172508	1634.79108754583
ENSG00000172543	1633.59821314061
ENSG00000172572	1622.87599021548
ENSG00000172613	1633.55519951512
ENSG00000172728	1633.67295985856
ENSG00000172817	1634.3947034716
ENSG00000172828	1634.27659031347
ENSG00000172831	1631.00898230176
ENSG00000172840	1633.32825124974
ENSG00000172890	1622.06105278371
ENSG00000172893	NA
ENSG00000172940	1633.22444564362
ENSG00000172954	NA
ENSG00000172955	NA
ENSG00000172987	1633.44122758324
ENSG00000173083	1633.44122758324
ENSG00000173085	1634.7752626789
ENSG00000173175	1625.20894196906
ENSG00000173208	1634.62423654782
ENSG00000173221	1623.01671963133
ENSG00000173262	NA
ENSG00000173281	1634.49095900476
ENSG00000173418	1635.01041142646
ENSG00000173540	1641.30318193927
ENSG00000173597	1634.81710781948
ENSG00000173598	1634.06708243592
ENSG00000173599	1640.17615496815
ENSG00000173610	1634.1893626104
ENSG00000173614	1634.32320152881
ENSG00000173627	1635.1673702983
ENSG00000173638	1617.9552756854
ENSG00000173660	1669.0678355984
ENSG00000173786	1633.31913714094
ENSG00000173868	1633.58472772303
ENSG00000173915	NA
ENSG00000174080	1633.59821314061
ENSG00000174156	1605.61386485229
ENSG00000174165	1633.20859917655
ENSG00000174227	1633.74259272445
ENSG00000174233	1625.20894196906
ENSG00000174327	1631.38853787628
ENSG00000174358	NA
ENSG00000174437	1632.95723523423
ENSG00000174448	1632.68838362672
ENSG00000174473	1635.36890814803
ENSG00000174502	1634.62464439625
ENSG00000174607	1619.71199177608
ENSG00000174640	NA
ENSG00000174669	NA
ENSG00000174684	1633.79954833593
ENSG00000174876	1633.72125622598
ENSG00000174886	1635.92472894722
ENSG00000174915	1641.04850023756
ENSG00000174951	1633.81155180026
ENSG00000174990	1631.54824842335
ENSG00000175003	NA
ENSG00000175040	1634.08572771282
ENSG00000175048	1633.22985502974
ENSG00000175066	NA
ENSG00000175164	1636.68914559397
ENSG00000175198	1680.40791106308
ENSG00000175229	1637.77849155418
ENSG00000175264	1615.36169749496
ENSG00000175283	1627.95837413676
ENSG00000175309	1633.53434730903
ENSG00000175445	1634.79301344863
ENSG00000175482	1636.50397607224
ENSG00000175505	1637.88091550536
ENSG00000175535	1641.0055190779
ENSG00000175548	1637.79561803574
ENSG00000175564	1640.72873199573
ENSG00000175567	1640.72873199573
ENSG00000175711	1634.4909591338
ENSG00000175893	1633.22985502974
ENSG00000176022	1632.42780635675
ENSG00000176095	1634.88249552437
ENSG00000176153	1636.71071721462
ENSG00000176170	NA
ENSG00000176340	1710.79961781237
ENSG00000176383	1619.4708734172
ENSG00000176387	1635.06572823964
ENSG00000176393	NA
ENSG00000176454	1635.22107831705
ENSG00000176463	1634.6722896331
ENSG00000176485	1636.8326478346
ENSG00000176597	1634.7181983589
ENSG00000176715	1633.24006534061
ENSG00000176890	1625.50192218709
ENSG00000176920	1634.36468023343
ENSG00000176928	1637.74703163688
ENSG00000176974	1646.06122813378
ENSG00000177000	1619.58281333079
ENSG00000177054	1633.22985502974
ENSG00000177076	NA
ENSG00000177084	1636.50397607224
ENSG00000177108	1633.20859917655
ENSG00000177156	NA
ENSG00000177191	1634.40220497297
ENSG00000177239	1637.79561806595
ENSG00000177465	NA
ENSG00000177542	1630.94089086159
ENSG00000177628	1640.4290249467
ENSG00000177646	NA
ENSG00000177666	1641.0055190779
ENSG00000177669	1633.21154387711
ENSG00000177700	1635.00466218161
ENSG00000178035	1634.78987786463
ENSG00000178127	1635.92472894722
ENSG00000178234	1632.29141213042
ENSG00000178445	1633.96331979507
ENSG00000178537	NA
ENSG00000178700	1645.74712153395
ENSG00000178741	1710.79961781237
ENSG00000178773	1634.13051455916
ENSG00000178802	1632.09967194115
ENSG00000178814	1631.35271844869
ENSG00000178921	1635.47418237699
ENSG00000179085	1636.98168940366
ENSG00000179091	1669.0678355984
ENSG00000179115	1588.20532518116
ENSG00000179142	1634.15105120896
ENSG00000179148	1634.37614520672
ENSG00000179163	1625.15809056875
ENSG00000179477	1634.37614532942
ENSG00000179520	1635.27675998082
ENSG00000179593	1637.7661978721
ENSG00000179598	1633.93573699429
ENSG00000179761	NA
ENSG00000179913	1634.67340640462
ENSG00000179958	1634.40776174969
ENSG00000180011	1634.94950643196
ENSG00000180176	1619.16680038988
ENSG00000180185	1634.71783056803
ENSG00000180210	1634.66071277225
ENSG00000180251	1783.01684301261
ENSG00000180389	NA
ENSG00000180432	1637.36824243457
ENSG00000180549	1633.21967820308
ENSG00000180638	1618.93064438023
ENSG00000180767	1633.79062535519
ENSG00000180773	1638.06576754543
ENSG00000180776	1635.01041142646
ENSG00000180817	NA
ENSG00000181019	1633.45874583983
ENSG00000181035	NA
ENSG00000181045	1590.82910222215
ENSG00000181090	1633.06469164172
ENSG00000181192	NA
ENSG00000181222	1635.00466218161
ENSG00000181523	1633.44122731155
ENSG00000181555	1633.06469164172
ENSG00000181652	1633.99669299079
ENSG00000181789	1635.1462539971
ENSG00000181804	1783.01684301261
ENSG00000181830	1624.41379444562
ENSG00000181856	NA
ENSG00000181867	1625.55143369524
ENSG00000181915	1633.60076280099
ENSG00000182022	1633.0305290345
ENSG00000182050	1633.32622417325
ENSG00000182054	1711.83227571759
ENSG00000182156	1636.87543039665
ENSG00000182197	1633.61908851433
ENSG00000182199	1633.62127299179
ENSG00000182224	1606.02046373915
ENSG00000182272	1635.15053284168
ENSG00000182333	1641.0055190779
ENSG00000182551	1633.99610989401
ENSG00000182601	1633.61908853009
ENSG00000182621	1637.30065469012
ENSG00000182793	1605.61386485229
ENSG00000182858	1636.98168920563
ENSG00000182870	1632.29141213042
ENSG00000182890	NA
ENSG00000182902	1630.94089086159
ENSG00000183010	NA
ENSG00000183023	1633.56392935244
ENSG00000183032	1637.91116385387
ENSG00000183044	NA
ENSG00000183048	1630.83460614079
ENSG00000183077	1635.77234451591
ENSG00000183196	1634.08572771282
ENSG00000183479	1633.55519951512
ENSG00000183549	1604.01512209473
ENSG00000183648	1635.92472894722
ENSG00000183696	1637.835666746
ENSG00000183747	1604.01512209473
ENSG00000183760	1633.76344902627
ENSG00000183778	1635.141611563
ENSG00000183828	1635.56523973082
ENSG00000183873	1634.03660401287
ENSG00000183921	NA
ENSG00000183955	1633.06469164172
ENSG00000184005	1634.45908365448
ENSG00000184076	1669.0678355984
ENSG00000184154	1634.16774508303
ENSG00000184210	1635.01041142646
ENSG00000184227	NA
ENSG00000184254	1634.95702365793
ENSG00000184304	1633.38715017375
ENSG00000184307	1635.01041142646
ENSG00000184343	1634.57623092987
ENSG00000184381	1636.8326478346
ENSG00000184470	1633.70920450269
ENSG00000184588	1634.97006181841
ENSG00000184752	1635.92472894722
ENSG00000184788	1633.22985502974
ENSG00000184860	NA
ENSG00000184983	1635.92472894722
ENSG00000184999	1636.63563292077
ENSG00000185000	1617.47708831143
ENSG00000185013	NA
ENSG00000185015	NA
ENSG00000185052	1634.66325736356
ENSG00000185100	NA
ENSG00000185133	1633.57164862685
ENSG00000185274	1635.36890814803
ENSG00000185313	1634.03660401287
ENSG00000185344	1633.54769830693
ENSG00000185352	1637.59435906226
ENSG00000185420	1634.53406393405
ENSG00000185527	1622.87599021548
ENSG00000185803	1635.75041270691
ENSG00000185808	1618.93124198343
ENSG00000185813	1662.99782073645
ENSG00000185818	1633.06280685486
ENSG00000185825	1633.43632421843
ENSG00000185875	1623.86348406247
ENSG00000185883	1633.54769830693
ENSG00000185973	1634.7123741717
ENSG00000186009	1633.38950871451
ENSG00000186010	1635.92472894722
ENSG00000186104	1635.31094608217
ENSG00000186111	1636.54345810286
ENSG00000186115	1625.44168396265
ENSG00000186141	1635.00466218161
ENSG00000186153	NA
ENSG00000186160	NA
ENSG00000186184	1635.00466218161
ENSG00000186198	1633.7085569611
ENSG00000186204	NA
ENSG00000186281	NA
ENSG00000186334	1634.71177195387
ENSG00000186335	1634.71177195387
ENSG00000186377	1634.54559364822
ENSG00000186526	NA
ENSG00000186529	1625.44168396265
ENSG00000186642	1622.87599021548
ENSG00000186792	1634.19760728595
ENSG00000186815	1634.03660401287
ENSG00000186908	1633.20859917655
ENSG00000187021	1641.0055190779
ENSG00000187048	1633.60642574456
ENSG00000187091	1628.33810298586
ENSG00000187097	1617.16548303891
ENSG00000187134	1634.5090528052
ENSG00000187210	1622.28218332979
ENSG00000187486	1635.19727647299
ENSG00000187531	1633.24096901481
ENSG00000187630	1635.38717866098
ENSG00000187676	1633.47658088301
ENSG00000187733	1633.72125622598
ENSG00000187758	NA
ENSG00000188089	1636.8326478346
ENSG00000188167	1625.53513867096
ENSG00000188257	1636.8326478346
ENSG00000188266	1633.93279480075
ENSG00000188338	1618.7582666222
ENSG00000188467	1634.66325736356
ENSG00000188611	NA
ENSG00000188641	1619.56914634149
ENSG00000188676	1634.54019604066
ENSG00000188687	1650.98530033464
ENSG00000188690	1636.38837502348
ENSG00000188706	1633.22985502974
ENSG00000188784	1636.8326478346
ENSG00000188818	1633.22985502974
ENSG00000188833	1638.36012368724
ENSG00000188921	NA
ENSG00000189043	1709.33277280454
ENSG00000189221	1634.4188791101
ENSG00000196136	1624.57126273322
ENSG00000196139	1633.50113534725
ENSG00000196177	NA
ENSG00000196188	1633.59821314061
ENSG00000196296	1632.95723523423
ENSG00000196305	1623.55223201073
ENSG00000196313	1635.00466196894
ENSG00000196344	NA
ENSG00000196368	1634.06708243592
ENSG00000196371	1609.98731925624
ENSG00000196433	1637.90936031707
ENSG00000196475	NA
ENSG00000196502	1634.34963389142
ENSG00000196511	1634.68632312023
ENSG00000196517	1633.72058780693
ENSG00000196547	1637.79561800248
ENSG00000196616	NA
ENSG00000196620	1633.7989338613
ENSG00000196743	1632.16608501037
ENSG00000196839	1628.40635861101
ENSG00000196876	1634.03660401287
ENSG00000196950	1633.42583400292
ENSG00000196968	1635.86242579764
ENSG00000197093	1633.63418763034
ENSG00000197119	1634.49095903595
ENSG00000197121	1634.01729294385
ENSG00000197142	NA
ENSG00000197165	1633.91628278859
ENSG00000197208	NA
ENSG00000197217	1631.12339936546
ENSG00000197241	NA
ENSG00000197249	1634.30199013847
ENSG00000197253	1637.03911060816
ENSG00000197355	1637.84389080986
ENSG00000197375	NA
ENSG00000197406	1634.29314038678
ENSG00000197408	NA
ENSG00000197416	NA
ENSG00000197444	1634.49095903595
ENSG00000197446	NA
ENSG00000197448	1605.61386485229
ENSG00000197496	NA
ENSG00000197506	1638.92179414604
ENSG00000197563	1633.74259262525
ENSG00000197580	1634.49095901527
ENSG00000197586	1641.15878133287
ENSG00000197594	1634.16263522411
ENSG00000197601	1633.98428143926
ENSG00000197713	NA
ENSG00000197746	1636.11395511092
ENSG00000197763	1600.81823335441
ENSG00000197838	NA
ENSG00000197858	1618.93124203593
ENSG00000197888	1633.87609303887
ENSG00000197891	1634.64479169071
ENSG00000197894	NA
ENSG00000197901	1633.62893287978
ENSG00000197943	1628.33810298586
ENSG00000197959	1634.49095909392
ENSG00000197977	NA
ENSG00000198074	NA
ENSG00000198075	1633.63418763034
ENSG00000198077	NA
ENSG00000198088	1633.75666747776
ENSG00000198099	NA
ENSG00000198108	1634.58695503965
ENSG00000198130	NA
ENSG00000198162	1637.79561806595
ENSG00000198189	NA
ENSG00000198203	1634.81710781948
ENSG00000198246	1616.9027118413
ENSG00000198276	1624.7674626851
ENSG00000198380	1624.95590545901
ENSG00000198431	1602.56034209353
ENSG00000198488	1633.72277372052
ENSG00000198569	1607.24561800767
ENSG00000198610	NA
ENSG00000198650	NA
ENSG00000198668	1625.33311652738
ENSG00000198682	1635.21856583269
ENSG00000198691	1634.84996086829
ENSG00000198695	1635.92472894722
ENSG00000198704	1636.71071721462
ENSG00000198712	1710.79961781237
ENSG00000198721	NA
ENSG00000198727	1669.0678355984
ENSG00000198743	1630.38180761876
ENSG00000198754	1637.20636049811
ENSG00000198763	1635.92472894722
ENSG00000198786	1635.92472894722
ENSG00000198804	1710.79961781237
ENSG00000198805	NA
ENSG00000198814	NA
ENSG00000198825	1633.69377027339
ENSG00000198840	1635.92472894722
ENSG00000198848	1634.27659031347
ENSG00000198881	1633.06899235168
ENSG00000198886	1635.92472894722
ENSG00000198888	1635.92472894722
ENSG00000198899	NA
ENSG00000198931	1633.86699081833
ENSG00000198938	1710.79961781237
ENSG00000198951	1633.81376620986
ENSG00000198964	NA
ENSG00000203797	NA
ENSG00000203805	NA
ENSG00000203837	1641.0055190779
ENSG00000203857	1639.07652515894
ENSG00000203859	1639.07652515894
ENSG00000203972	1635.01041142646
ENSG00000204007	1635.86242579764
ENSG00000204084	1633.86541471248
ENSG00000204099	1636.94530141967
ENSG00000204160	1635.01041142646
ENSG00000204228	NA
ENSG00000204310	NA
ENSG00000204370	NA
ENSG00000204371	1633.06469164172
ENSG00000204385	NA
ENSG00000204386	1639.71593952025
ENSG00000204394	1588.20532526625
ENSG00000205060	1637.80714965624
ENSG00000205186	NA
ENSG00000205268	1635.55222374902
ENSG00000205309	1687.61525559943
ENSG00000205560	NA
ENSG00000205669	NA
ENSG00000205678	NA
ENSG00000205808	1620.89319041326
ENSG00000205923	1639.82113515544
ENSG00000206077	1633.22985502974
ENSG00000206190	NA
ENSG00000206527	NA
ENSG00000211445	1636.71071721462
ENSG00000211448	1634.89480543475
ENSG00000211452	1634.89480543475
ENSG00000211456	1633.69377027339
ENSG00000212907	1635.92472894722
ENSG00000213024	1630.65905680743
ENSG00000213160	1635.04790873352
ENSG00000213316	1638.69663924948
ENSG00000213366	1637.15175710202
ENSG00000213398	1635.87324240619
ENSG00000213614	1640.64415140598
ENSG00000213619	1635.92472894722
ENSG00000213648	1633.91628278859
ENSG00000213689	1633.55519951512
ENSG00000213759	1633.7989338613
ENSG00000213760	1633.54769830693
ENSG00000213920	1620.89319041326
ENSG00000213930	1784.35457851679
ENSG00000214013	NA
ENSG00000214160	1637.79561818482
ENSG00000214530	1632.68838362672
ENSG00000215009	1604.01512209473
ENSG00000215883	1634.47729851315
ENSG00000218823	1635.00466218161
ENSG00000221968	NA
ENSG00000221988	1633.08073668799
ENSG00000223572	1632.24093625326
ENSG00000223802	NA
ENSG00000224586	1636.71071721462
ENSG00000225697	1620.86268123061
ENSG00000226784	NA
ENSG00000227471	NA
ENSG00000228253	NA
ENSG00000228716	1645.74712153395
ENSG00000228727	1633.9429528466
ENSG00000229894	NA
ENSG00000229937	NA
ENSG00000231852	1634.08008482463
ENSG00000233276	1636.71071721462
ENSG00000234906	1633.25915668642
ENSG00000235376	NA
ENSG00000235863	1617.33904268848
ENSG00000237172	1635.86242579764
ENSG00000237289	1632.24093625326
ENSG00000237763	1633.72125622598
ENSG00000238205	1628.54547930323
ENSG00000239672	NA
ENSG00000239900	NA
ENSG00000240038	1634.43772931467
ENSG00000240303	NA
ENSG00000240583	NA
ENSG00000240857	NA
ENSG00000240891	1628.31467609515
ENSG00000241119	1633.7989338613
ENSG00000241343	1634.35693423265
ENSG00000241360	1632.03000887652
ENSG00000241404	1633.08073668799
ENSG00000241468	NA
ENSG00000241635	1632.48696838784
ENSG00000241837	NA
ENSG00000241878	1645.89197892473
ENSG00000241935	NA
ENSG00000241973	1632.02737606196
ENSG00000242110	1635.16769631085
ENSG00000242366	1634.79393612276
ENSG00000242515	1632.48696839147
ENSG00000242612	1634.56616986838
ENSG00000243477	1633.20859917655
ENSG00000243480	1634.43772931467
ENSG00000243678	NA
ENSG00000243708	1636.8326478346
ENSG00000243955	1605.61386485229
ENSG00000243989	1633.15214047941
ENSG00000244038	1637.79561823175
ENSG00000244067	1605.61386485229
ENSG00000244122	1633.7989338613
ENSG00000244474	1633.7989338613
ENSG00000244486	1634.76251154522
ENSG00000248098	1657.72042562892
ENSG00000248144	NA
ENSG00000249222	NA
ENSG00000249853	1633.61908853009
ENSG00000249948	1671.01437707373
ENSG00000250565	1633.54769830693
ENSG00000250799	NA
ENSG00000251287	1635.86242579764
ENSG00000253710	1637.79561849129
ENSG00000254685	1624.77938625562
ENSG00000255072	1618.93124198343
ENSG00000255974	NA
ENSG00000256043	1633.59821314061
ENSG00000256269	1634.06655583469
ENSG00000256525	1636.50397607224
ENSG00000256870	1634.43114843507
ENSG00000257335	NA
ENSG00000257594	1632.29141213042
ENSG00000259431	1633.42798006402
ENSG00000261052	1634.96851236595
ENSG00000265203	1635.38717866098
ENSG00000266200	1641.0055190779
ENSG00000267855	1635.92472894722
ENSG00000268104	1634.31813783106
ENSG00000272325	1634.06708243592
ENSG00000272333	1633.06469164172
ENSG00000273841	1590.62152748007
ENSG00000274252	1634.77264511661
ENSG00000274588	1637.17774937188
ENSG00000276293	1619.55412991046
ENSG00000276747	1633.66733685
ENSG00000277161	1618.9312420354
ENSG00000277494	1634.79301351645
ENSG00000277893	1633.36793708609
ENSG00000278540	NA
ENSG00000281500	1632.01957303923
ENSG00000288702	1634.01812469871
ENSG00000288705	1633.7989338613
ENSG00000070748	1634.34414577235
ENSG00000081479	1634.42475923011
ENSG00000083444	1634.49095911437
ENSG00000088305	1634.49095903595
ENSG00000100865	1637.32733701421
ENSG00000106397	1634.49095911437
ENSG00000107165	1634.49095906561
ENSG00000107614	1634.49095903595
ENSG00000111012	1634.42475923011
ENSG00000116199	1633.40178540852
ENSG00000119772	1634.49095903595
ENSG00000130816	1634.49095903595
ENSG00000141552	1634.49792609318
ENSG00000141560	1633.40178540852
ENSG00000142182	1634.49095903595
ENSG00000142920	1634.84598821181
ENSG00000145321	1634.42475923011
ENSG00000149929	1634.51322680242
ENSG00000152952	1634.49095911437
ENSG00000153904	1634.49095900906
ENSG00000162408	1633.40178540852
ENSG00000164978	1634.49095903595
ENSG00000167363	1633.40178540852
ENSG00000172456	1633.40178540852
ENSG00000196407	1634.01850460395
ENSG00000213722	1634.49095900906
ENSG00000241644	1634.49095909553
